Workbook

Sheet Dashboard
B2: Rendmaw, Creaking Nest
B3: Commander Deck Dashboard & Analytics — Tokens / Artifacts
B5: Key Deck Metrics
B6: Metric | C6: Value
B7: Total Cards | C7: =SUM(Decklist!A4:A92) -> 100
B8: Total Deck Cost (USD) | C8: =SUMPRODUCT(Decklist!A4:A92, Decklist!H4:H92) -> 400.3
B9: Max Mana Value | C9: =MAX(Decklist!E4:E92) -> 9
B10: Avg Mana Value (Spells) | C10: =AVERAGEIF(Decklist!B4:B92, "<>Lands", Decklist!E4:E92) -> 3.203125
B13: Mana Curve
B14: Mana Value | C14: Count
B15: 1 | C15: =SUMIFS(Decklist!A$4:A$92, Decklist!E$4:E$92, B15, Decklist!B$4:B$92, "<>Lands") -> 3
B16: 2 | C16: =SUMIFS(Decklist!A$4:A$92, Decklist!E$4:E$92, B16, Decklist!B$4:B$92, "<>Lands") -> 21
B17: 3 | C17: =SUMIFS(Decklist!A$4:A$92, Decklist!E$4:E$92, B17, Decklist!B$4:B$92, "<>Lands") -> 20
B18: 4 | C18: =SUMIFS(Decklist!A$4:A$92, Decklist!E$4:E$92, B18, Decklist!B$4:B$92, "<>Lands") -> 8
B19: 5 | C19: =SUMIFS(Decklist!A$4:A$92, Decklist!E$4:E$92, B19, Decklist!B$4:B$92, "<>Lands") -> 7
B20: 6 | C20: =SUMIFS(Decklist!A$4:A$92, Decklist!E$4:E$92, B20, Decklist!B$4:B$92, "<>Lands") -> 4
B21: 7 | C21: =SUMIFS(Decklist!A$4:A$92, Decklist!E$4:E$92, B21, Decklist!B$4:B$92, "<>Lands") -> 0
B22: 8 | C22: =SUMIFS(Decklist!A$4:A$92, Decklist!E$4:E$92, B22, Decklist!B$4:B$92, "<>Lands") -> 0
B23: 9 | C23: =SUMIFS(Decklist!A$4:A$92, Decklist!E$4:E$92, B23, Decklist!B$4:B$92, "<>Lands") -> 1
B24: 10 | C24: =SUMIFS(Decklist!A$4:A$92, Decklist!E$4:E$92, B24, Decklist!B$4:B$92, "<>Lands") -> 0
B25: 11 | C25: =SUMIFS(Decklist!A$4:A$92, Decklist!E$4:E$92, B25, Decklist!B$4:B$92, "<>Lands") -> 0
B26: 12 | C26: =SUMIFS(Decklist!A$4:A$92, Decklist!E$4:E$92, B26, Decklist!B$4:B$92, "<>Lands") -> 0
B29: Category Breakdown
B30: Category | C30: Count
B31: Commander | C31: =SUMIF(Decklist!B$4:B$92, B31, Decklist!A$4:A$92) -> 1
B32: Token Makers | C32: =SUMIF(Decklist!B$4:B$92, B32, Decklist!A$4:A$92) -> 10
B33: Token Payoffs | C33: =SUMIF(Decklist!B$4:B$92, B33, Decklist!A$4:A$92) -> 10
B34: Aristocrats & Drain | C34: =SUMIF(Decklist!B$4:B$92, B34, Decklist!A$4:A$92) -> 3
B35: Sacrifice Outlets | C35: =SUMIF(Decklist!B$4:B$92, B35, Decklist!A$4:A$92) -> 3
B36: Ramp & Rocks | C36: =SUMIF(Decklist!B$4:B$92, B36, Decklist!A$4:A$92) -> 11
B37: Removal & Interaction | C37: =SUMIF(Decklist!B$4:B$92, B37, Decklist!A$4:A$92) -> 11
B38: Card Advantage | C38: =SUMIF(Decklist!B$4:B$92, B38, Decklist!A$4:A$92) -> 8
B39: Artifacts Matters | C39: =SUMIF(Decklist!B$4:B$92, B39, Decklist!A$4:A$92) -> 7
B40: Lands | C40: =SUMIF(Decklist!B$4:B$92, B40, Decklist!A$4:A$92) -> 36
B41: Category Breakdown
B42: Category | C42: Count
B43: Creature | C43: =SUMIF(Decklist!D$4:D$92, B43, Decklist!A$4:A$92) -> 36
B44: Instant | C44: =SUMIF(Decklist!D$4:D$92, B44, Decklist!A$4:A$92) -> 7
B45: Sorcery | C45: =SUMIF(Decklist!D$4:D$92, B45, Decklist!A$4:A$92) -> 3
B46: Artifact | C46: =SUMIF(Decklist!D$4:D$92, B46, Decklist!A$4:A$92) -> 7
B47: Enchantment | C47: =SUMIF(Decklist!D$4:D$92, B47, Decklist!A$4:A$92) -> 10
B48: Lands | C48: =SUMIF(Decklist!B$4:B$92, "Lands", Decklist!A$4:A$92) -> 36
C49: =SUM(C43:C48) -> 99

Sheet Decklist
A1: Rendmaw, Creaking Nest — Comprehensive Decklist (Tokens / Artifacts, v12)
A3: Quantity | B3: Category | C3: Card Name | D3: Card Type | E3: Mana Value | F3: Rendmaw Trigger? | G3: Key Card? | H3: Est. Cost (USD) | I3: Collection Status | J3: Notes & Strategy
A4: 1 | B4: Ramp & Rocks | C4: Copper Myr | D4: Creature | E4: 2 | F4: Yes | G4: No | H4: 1 | I4: Ordered | J4: Artifact Creature: Rendmaw trigger that taps for green.
A5: 1 | B5: Card Advantage | C5: Pygmy Kavu | D5: Creature | E5: 4 | G5: No | H5: 1 | I5: Owned | J5: Requested include. NOTE: not a Rendmaw trigger (plain green creature); only draws off opponents' black creatures, so it is the softest card here — easy swap for another trigger later.
A6: 1 | B6: Commander | C6: Rendmaw, Creaking Nest | D6: Creature | E6: 5 | F6: Yes | G6: Yes | H6: 2 | I6: Owned | J6: Artifact Creature 5/5, menace & reach. On ETB and whenever you play a card with 2+ card types, each player makes a goaded 2/2 flying Bird — your Birds must attack opponents, theirs cannot hit you.
A7: 1 | B7: Ramp & Rocks | C7: Arcane Signet | D7: Artifact | E7: 2 | G7: No | H7: 1 | I7: Owned | J7: Two-mana rock that taps for either of your colors.
A8: 1 | B8: Sacrifice Outlets | C8: Ashnod's Altar | D8: Artifact | E8: 3 | G8: Yes | H8: 8 | I8: Owned | J8: Sacrifice any creature for two colorless — fuels explosive turns and combos with token engines.
A9: 1 | B9: Ramp & Rocks | C9: Golgari Signet | D9: Artifact | E9: 2 | G9: No | H9: 2 | I9: Owned | J9: Ramp and fixing in one — filters mana into black and green.
A10: 1 | B10: Token Payoffs | C10: Idol of Oblivion | D10: Artifact | E10: 2 | G10: Yes | H10: 2 | I10: Owned | J10: Two-mana artifact: tap to draw a card any turn you made a token — nearly every turn here. Late game, sacrifice for a 10/10 Eldrazi. Replaces Pitiless Plunderer.
A11: 1 | B11: Token Payoffs | C11: March of the World Ooze | D11: Enchantment | E11: 6 | G11: Yes | H11: 2 | I11: Need | J11: Creatures you control have base power and toughness 6/6 and are Oozes in addition to their other types; whenever an opponent casts a spell on a turn that isn't theirs, create a 3/3 green Elephant. A perpetual Overrun that turns every 2/2 Bird into a 6/6. Replaces Skullclamp, which found a legal 1-toughness target on only 0.35 turns per game.
A12: 1 | B12: Ramp & Rocks | C12: Sol Ring | D12: Artifact | E12: 1 | G12: Yes | H12: 2 | I12: Owned | J12: The best accelerant in the format — two colorless as early as turn one.
A13: 1 | B13: Token Makers | C13: Arasta of the Endless Web | D13: Creature | E13: 4 | F13: Yes | G13: No | H13: 1 | I13: Owned | J13: Enchantment Creature: Rendmaw trigger. A 1/5 reach wall that spawns 1/2 Spiders whenever opponents cast instants/sorceries — fodder that punishes interaction.
A14: 1 | B14: Aristocrats & Drain | C14: Blood Artist | D14: Creature | E14: 2 | G14: Yes | H14: 4 | I14: Owned | J14: Drains a life and gains you one whenever ANY creature dies — the core aristocrats payoff.
A15: 1 | B15: Token Makers | C15: Burnished Hart | D15: Creature | E15: 3 | F15: Yes | G15: No | H15: 1 | I15: Owned | J15: Artifact Creature: triggers Rendmaw, ramps two basics, and sacrifices itself for later value.
A16: 1 | B16: Sacrifice Outlets | C16: Dockside Chef | D16: Creature | E16: 2 | F16: Yes | G16: No | H16: 1 | I16: Owned | J16: Enchantment Creature: Rendmaw trigger plus a repeatable sacrifice-for-a-card outlet — turns your Birds into cards.
A17: 1 | B17: Ramp & Rocks | C17: Dryad of the Ilysian Grove | D17: Creature | E17: 3 | F17: Yes | G17: Yes | H17: 9 | I17: Owned | J17: Enchantment Creature (Rendmaw trigger), 2/4. Extra land drop each turn plus all your lands tap for any color — ramp, perfect fixing, and landfall on a body. Replaces Kodama's Reach.
A18: 1 | B18: Aristocrats & Drain | C18: Erebos, Bleak-Hearted | D18: Creature | E18: 4 | F18: Yes | G18: Yes | H18: 4 | I18: Owned | J18: Enchantment Creature: Rendmaw trigger, drains when your creatures die, and sacrifices them to draw.
A19: 1 | B19: Token Makers | C19: Filigree Familiar | D19: Creature | E19: 3 | F19: Yes | G19: No | H19: 1 | I19: Owned | J19: Artifact Creature: Rendmaw trigger, gains life, and draws a card when sacrificed.
A20: 1 | B20: Artifacts Matters | C20: Foundry Inspector | D20: Creature | E20: 3 | F20: Yes | G20: No | H20: 1 | I20: Owned | J20: Artifact Creature (Rendmaw trigger). Your artifact spells cost {1} less — deploys the artifact swarm (and more triggers) faster. Replaces Bastion of Remembrance.
A21: 1 | B21: Card Advantage | C21: Gloomshrieker | D21: Creature | E21: 3 | F21: Yes | G21: No | H21: 1 | I21: Owned | J21: Enchantment Creature — Cat Beast 2/1 menace (Rendmaw trigger). ETB returns ANY permanent card from your graveyard to hand — recur a dead artifact, token engine, or land. Exiles itself instead of dying. Replaces Cultivate.
A22: 1 | B22: Token Makers | C22: Grave Titan | D22: Creature | E22: 6 | G22: Yes | H22: 7 | I22: Owned | J22: Four Zombie power on cast and again on every attack — a one-card army and top-end threat.
A23: 1 | B23: Token Makers | C23: Grist, the Hunger Tide | D23: Planeswalker | E23: 3 | F23: Yes | G23: Yes | H23: 8 | I23: Owned | J23: Planeswalker that's a creature card everywhere except the battlefield, so casting it (Planeswalker + Creature) triggers Rendmaw. +1: make an Insect and chain off milled Insects. -2: sac a creature to destroy a creature/planeswalker. -5: drain for creatures in your graveyard. Replaces Ogre Slumlord.
A24: 1 | B24: Removal & Interaction | C24: Haywire Mite | D24: Creature | E24: 1 | F24: Yes | G24: Yes | H24: 3 | I24: Owned | J24: Artifact Creature: Rendmaw trigger that sacrifices to exile a problem artifact or enchantment — colorless removal on a body.
A25: 1 | B25: Artifacts Matters | C25: Junk Diver | D25: Creature | E25: 3 | F25: Yes | G25: No | H25: 1 | I25: Owned | J25: Artifact Creature — Bird (Rendmaw trigger), 1/1 flyer. Dies to return an artifact from your graveyard — a flying Myr Retriever, on-theme with your Birds. Replaces Scute Swarm.
A26: 1 | B26: Ramp & Rocks | C26: Leaden Myr | D26: Creature | E26: 2 | F26: Yes | G26: No | H26: 1 | I26: Owned | J26: Artifact Creature: Rendmaw trigger that taps for black.
A27: 1 | B27: Removal & Interaction | C27: Massacre Wurm | D27: Creature | E27: 6 | G27: Yes | H27: 7 | I27: Owned | J27: Gives enemy creatures -2/-2 (sweeps tokens) and drains for each that dies — an asymmetrical wrath.
A28: 1 | B28: Token Payoffs | C28: Metallic Mimic | D28: Creature | E28: 2 | F28: Yes | G28: Yes | H28: 3 | I28: Owned | J28: Artifact Creature — Shapeshifter (Rendmaw trigger). Name 'Bird' as it enters and every Rendmaw Bird arrives as a 3/3 — a permanent anthem baked into your token engine. Replaces Dreadhorde Invasion.
A29: 1 | B29: Card Advantage | C29: Midnight Reaper | D29: Creature | E29: 3 | G29: Yes | H29: 4 | I29: Owned | J29: Draws a card for each nontoken creature you lose — refuels the aristocrats plan.
A30: 1 | B30: Artifacts Matters | C30: Myr Retriever | D30: Creature | E30: 2 | F30: Yes | G30: No | H30: 1 | I30: Owned | J30: Artifact Creature (Rendmaw trigger). Dies to return an artifact from your graveyard — recursion loop with sac outlets. Replaces Dictate of Erebos.
A31: 1 | B31: Token Payoffs | C31: Ohran Frostfang | D31: Creature | E31: 5 | G31: Yes | H31: 9 | I31: Owned | J31: Snow Snake 2/6. Your ATTACKING creatures gain deathtouch (goaded Birds trade up brutally) and you draw a card whenever a creature connects. Huge go-wide combat payoff. Replaces Poison-Tip Archer.
A32: 1 | B32: Token Makers | C32: Ophiomancer | D32: Creature | E32: 3 | G32: Yes | H32: 8 | I32: Owned | J32: A 1/1 deathtouch Snake each upkeep. Endless sac fodder plus deathtouch blockers that deter attacks.
A33: 1 | B33: Ramp & Rocks | C33: Ornithopter of Paradise | D33: Creature | E33: 2 | F33: Yes | G33: No | H33: 1 | I33: Owned | J33: Artifact Creature: Rendmaw trigger and any-color fixing on a 0/2 flyer.
A34: 1 | B34: Ramp & Rocks | C34: Overlord of the Hauntwoods | D34: Creature | E34: 5 | F34: Yes | G34: Yes | H34: 12 | I34: Owned | J34: Enchantment Creature (Rendmaw trigger), 6/5, Impending 4. Creates an 'Everywhere' land token (taps for any color) on enter AND on attack — repeatable ramp/fixing on a huge body. Replaces Izoni.
A35: 1 | B35: Ramp & Rocks | C35: Palladium Myr | D35: Creature | E35: 3 | F35: Yes | G35: No | H35: 1 | I35: Owned | J35: Artifact Creature: Rendmaw trigger that ramps two colorless.
A36: 1 | B36: Ramp & Rocks | C36: Sakura-Tribe Elder | D36: Creature | E36: 2 | G36: Yes | H36: 3 | I36: Owned | J36: Blocks, then sacrifices to ramp — a chump, a sac trigger, and a land all at once.
A37: 1 | B37: Artifacts Matters | C37: Scrap Trawler | D37: Creature | E37: 3 | F37: Yes | G37: No | H37: 2 | I37: Owned | J37: Artifact Creature (Rendmaw trigger). Whenever an artifact you control dies, return a cheaper artifact from your graveyard — a recursion engine with your Treasures, dorks, and sac outlets. Replaces Chatterfang.
A38: 1 | B38: Card Advantage | C38: Shigeki, Jukai Visionary | D38: Creature | E38: 2 | F38: Yes | G38: No | H38: 1 | I38: Owned | J38: Enchantment Creature (Rendmaw trigger). Bounces itself to ramp a land and fill your graveyard; its channel returns nonlegendary cards from the yard. Value + recursion. Replaces Parallel Lives (Primal Vigor kept as your doubler).
A39: 1 | B39: Token Makers | C39: Solemn Simulacrum | D39: Creature | E39: 4 | F39: Yes | G39: No | H39: 4 | I39: Owned | J39: Artifact Creature: Rendmaw trigger, ramps, draws on death, ideal sac fodder.
A40: 1 | B40: Artifacts Matters | C40: Steel Overseer | D40: Creature | E40: 2 | F40: Yes | G40: No | H40: 5 | I40: Owned | J40: Artifact Creature (Rendmaw trigger). Taps to put a +1/+1 counter on EVERY artifact creature you control — a snowballing anthem over your dozen-plus artifact bodies. Straight upgrade over the Manakin it replaces.
A41: 1 | B41: Token Makers | C41: Tendershoot Dryad | D41: Creature | E41: 6 | G41: No | H41: 6 | I41: Owned | J41: A Saproling every upkeep (two after ten permanents) and anthems your whole board.
A42: 1 | B42: Token Makers | C42: Twitching Doll | D42: Creature | E42: 2 | F42: Yes | G42: Yes | H42: 4 | I42: Owned | J42: Artifact Creature: Rendmaw trigger and a mana dork; stockpile nest counters, then sacrifice it for a pile of 2/2 reach Spiders.
A43: 1 | B43: Token Payoffs | C43: Verdurous Gearhulk | D43: Creature | E43: 5 | F43: Yes | G43: No | H43: 3 | I43: Owned | J43: Artifact Creature: Rendmaw trigger that dumps four +1/+1 counters onto your board.
A44: 1 | B44: Sacrifice Outlets | C44: Woe Strider | D44: Creature | E44: 3 | G44: Yes | H44: 1 | I44: Owned | J44: Free sac outlet with scry, comes with a Goat token, and escapes back from the graveyard.
A45: 1 | B45: Token Payoffs | C45: Beastmaster Ascension | D45: Enchantment | E45: 2 | G45: No | H45: 4 | I45: Owned | J45: After seven attackers it gives every creature +5/+5 — trivial with a wide Bird board.
A46: 1 | B46: Artifacts Matters | C46: Biotransference | D46: Enchantment | E46: 4 | G46: Yes | H46: 2 | I46: Owned | J46: Black enchantment engine (not a trigger itself, but the best trigger-ENABLER you can run). Makes all your creatures/creature-spells artifacts, so casting ANY creature becomes an artifact creature (2 types) that triggers Rendmaw AND makes a 2/2 Necron token. Also switches on Steel Overseer, Scrap Trawler, and Foundry Inspector for your whole board. Replaces Myr Battlesphere.
A47: 1 | B47: Removal & Interaction | C47: Bow of Nylea | D47: Enchantment | E47: 3 | F47: Yes | G47: No | H47: 3 | I47: Owned | J47: Enchantment Artifact (Rendmaw trigger): repeatable deathtouch pings, +1/+1 counters, and recursion.
A48: 1 | B48: Card Advantage | C48: Deathreap Ritual | D48: Enchantment | E48: 3 | G48: Yes | H48: 3 | I48: Owned | J48: Draw a card each turn a creature died — usually multiple across everyone's turns.
A49: 1 | B49: Removal & Interaction | C49: Lignify | D49: Enchantment | E49: 3 | F49: Yes | G49: No | H49: 1 | I49: Owned | J49: Kindred (Tribal) Enchantment Aura, so it triggers Rendmaw — neuters a threat into a 0/4 Treefolk with no abilities.
A50: 1 | B50: Token Payoffs | C50: Primal Vigor | D50: Enchantment | E50: 5 | G50: Yes | H50: 20 | I50: Owned | J50: Doubles every token you create (stacks with Parallel Lives) and doubles +1/+1 counters. Symmetric — it also doubles opponents' Rendmaw Birds — but you make far more tokens than they do. Replaces Eyeblight's Ending.
A51: 1 | B51: Card Advantage | C51: Whip of Erebos | D51: Enchantment | E51: 4 | F51: Yes | G51: No | H51: 3 | I51: Owned | J51: Enchantment Artifact (Rendmaw trigger): lifelink for your team and a reanimation engine.
A52: 1 | B52: Removal & Interaction | C52: Assassin's Trophy | D52: Instant | E52: 2 | G52: Yes | H52: 6 | I52: Owned | J52: Destroys any permanent at instant speed — the premier Golgari answer.
A53: 1 | B53: Removal & Interaction | C53: Beast Within | D53: Instant | E53: 3 | G53: No | H53: 3 | I53: Owned | J53: Destroys any permanent; the 3/3 it leaves is easily outclassed by your board.
A54: 1 | B54: Removal & Interaction | C54: Eyeblight's Ending | D54: Instant | E54: 3 | G54: No | H54: 1 | I54: Owned | J54: Clean instant-speed removal for almost any creature. Re-added (replaces Slimefoot).
A55: 1 | B55: Removal & Interaction | C55: Heroic Intervention | D55: Instant | E55: 2 | G55: No | H55: 4 | I55: Owned | J55: Protects your whole board from wraths and targeted removal for two mana.
A56: 1 | B56: Removal & Interaction | C56: Nameless Inversion | D56: Instant | E56: 2 | F56: Yes | G56: No | H56: 2 | I56: Owned | J56: A Kindred Instant, so it triggers Rendmaw — flexible +3/-3 to kill or pump.
A57: 1 | B57: Card Advantage | C57: Reap | D57: Instant | E57: 2 | G57: No | H57: 2 | I57: Owned | J57: For {1}{G} at instant speed, return X cards from your graveyard where X = the black permanents an opponent controls — and Rendmaw hands everyone black Birds, so this refills your hand cheaply. Replaces Deadly Dispute.
A58: 1 | B58: Card Advantage | C58: Village Rites | D58: Instant | E58: 1 | G58: No | H58: 1 | I58: Owned | J58: Instant-speed sac-for-two-cards — save a creature from removal and refill.
A59: 1 | B59: Lands | C59: Bojuka Bog | D59: Land | E59: 0 | G59: No | H59: 1 | I59: Owned | J59: Exiles a graveyard on entry — free graveyard hate.
A60: 1 | B60: Lands | C60: Castle Locthwain | D60: Land | E60: 0 | G60: No | H60: 5 | I60: Owned | J60: Repeatable card draw that gets better as your hand empties.
A61: 1 | B61: Lands | C61: Cavern of Souls | D61: Land | E61: 0 | G61: No | H61: 40 | I61: Owned
A62: 1 | B62: Lands | C62: Command Tower | D62: Land | E62: 0 | G62: No | H62: 1 | I62: Owned | J62: Taps for both your colors — the best fixing land in Commander.
A63: 1 | B63: Lands | C63: Darkbore Pathway | D63: Land | E63: 0 | G63: No | H63: 5 | I63: Owned | J63: Modal land — enters untapped as a Swamp or a Forest.
A64: 1 | B64: Lands | C64: Darkmoss Bridge | D64: Land | E64: 0 | F64: Yes | G64: No | H64: 1 | I64: Owned | J64: Cheap, reliable B/G tapland.
A65: 1 | B65: Lands | C65: Darksteel Citadel | D65: Land | E65: 0 | F65: Yes | G65: No | H65: 1 | I65: Owned | J65: Indestructible Artifact Land (taps colorless): a resilient Rendmaw trigger in the mana base.
A66: 1 | B66: Lands | C66: Deathcap Glade | D66: Land | E66: 0 | G66: No | H66: 3 | I66: Owned | J66: B/G "slow" dual — enters untapped once you control two other lands.
A67: 1 | B67: Lands | C67: Dryad Arbor | D67: Land | E67: 0 | F67: Yes | G67: No | H67: 5 | I67: Owned | J67: Land Creature — a Rendmaw trigger you can play from hand, a ramp target, and disposable blocker/sac fodder.
A68: 7 | B68: Lands | C68: Forest | D68: Land | E68: 0 | G68: No | H68: 0.1 | I68: Owned | J68: Basic Forest.
A69: 1 | B69: Lands | C69: Golgari Rot Farm | D69: Land | E69: 0 | G69: No | H69: 1 | I69: Owned | J69: Karoo bounce land — taps for two mana of your colors.
A70: 1 | B70: Lands | C70: Grim Backwoods | D70: Land | E70: 0 | G70: No | H70: 1 | I70: Owned | J70: Utility land: sacrifice a creature to draw — an extra sac outlet in the mana base.
A71: 1 | B71: Lands | C71: High Market | D71: Land | E71: 0 | G71: No | H71: 3 | I71: Owned | J71: A land that doubles as a free sac outlet with lifegain.
A72: 1 | B72: Lands | C72: Khalni Garden | D72: Land | E72: 0 | G72: No | H72: 1 | I72: Owned | J72: Enters tapped but makes a 0/1 Plant — a free token and chump/sac fodder.
A73: 1 | B73: Lands | C73: Llanowar Wastes | D73: Land | E73: 0 | G73: No | H73: 5 | I73: Owned | J73: Painland — untapped colored mana whenever you need it.
A74: 1 | B74: Lands | C74: Necroblossom Snarl | D74: Land | E74: 0 | G74: No | H74: 1 | I74: Owned | J74: Reveal-a-land dual — untapped if you show a Swamp or Forest.
A75: 1 | B75: Lands | C75: Overgrown Tomb | D75: Land | E75: 0 | G75: No | H75: 10 | I75: Owned | J75: Golgari shock land — untapped dual with basic land types.
A76: 6 | B76: Lands | C76: Swamp | D76: Land | E76: 0 | G76: No | H76: 0.1 | I76: Owned | J76: Basic Swamp.
A77: 1 | B77: Lands | C77: Tainted Wood | D77: Land | E77: 0 | G77: No | H77: 1 | I77: Owned | J77: Taps for black, or green while you control a Swamp.
A78: 1 | B78: Lands | C78: Treasure Vault | D78: Land | E78: 0 | F78: Yes | G78: No | H78: 4 | I78: Owned | J78: Artifact Land — a Rendmaw trigger built into the mana base. Taps for colorless; late game, sacrifice for a pile of Treasures ({X}{X},T,Sac: make X). Replaces a basic Swamp.
A79: 1 | B79: Lands | C79: Vault of Whispers | D79: Land | E79: 0 | F79: Yes | G79: No | H79: 2 | I79: Owned | J79: Artifact Land (taps black): a Rendmaw trigger built right into the mana base.
A80: 1 | B80: Lands | C80: Witch's Cottage | D80: Land | E80: 0 | G80: No | H80: 1 | I80: Owned | J80: Puts a creature from your graveyard on top of your library on entry.
A81: 1 | B81: Lands | C81: Woodland Chasm | D81: Land | E81: 0 | G81: No | H81: 1 | I81: Owned | J81: Snow B/G tapland — fixes colors and enables snow synergies.
A82: 1 | B82: Removal & Interaction | C82: Culling Ritual | D82: Sorcery | E82: 4 | G82: Yes | H82: 2 | I82: Owned | J82: Wipes all small nonland permanents (MV 2 or less) and ramps B/G for each. Note: it clears YOUR tokens too — best as a drain/reset with a Blood Artist online, or when behind.
A83: 1 | B83: Token Payoffs | C83: Overwhelming Stampede | D83: Sorcery | E83: 5 | G83: No | H83: 3 | I83: Owned | J83: Overrun-style finisher: pumps the team and grants trample for a lethal alpha strike.
A84: 1 | B84: Removal & Interaction | C84: Toxic Deluge | D84: Sorcery | E84: 3 | G84: Yes | H84: 20 | I84: Owned - Other Deck | J84: Pay X life: all creatures get -X/-X (dodges indestructible). Asymmetric here — size X to sweep the table while your +1/+1-countered board (Metallic Mimic, Steel Overseer) survives. Your recovery/reset button. Replaces Viscera Seer.
A85: 1 | B85: Token Payoffs | C85: Coat of Arms | D85: Artifact | E85: 5 | G85: No | H85: 8 | I85: Proxy | J85: Each creature gets +1/+1 for each other creature sharing a type — with Metallic Mimic naming Bird and a wide Bird board your team explodes. Symmetric (also pumps opponents' Birds), so deploy it as a finisher. Replaces Mycoloth.
A86: 1 | B86: Ramp & Rocks | C86: The Great Henge | D86: Artifact | E86: 9 | G86: Yes | H86: 28 | I86: Proxy | J86: Legendary Artifact. Costs {X} less where X is your greatest creature's power (often ~{2}{G}{G} with Rendmaw out). Taps for {G}{G} + life; every NONTOKEN creature you play draws a card and enters with a +1/+1 counter. (Mana value is 9, but you rarely pay full.) Replaces Pharika.
A87: 1 | B87: Token Payoffs | C87: Enduring Vitality | D87: Creature | E87: 3 | F87: Yes | G87: Yes | H87: 4 | I87: Proxy | J87: Enchantment Creature: Rendmaw trigger. Turns every creature — including your token swarm — into a mana source, and returns as an enchantment when it dies.
A88: 1 | B88: Artifacts Matters | C88: Roaming Throne | D88: Creature | E88: 4 | F88: Yes | G88: Yes | H88: 10 | I88: Proxy | J88: Artifact Creature — Golem 4/4, Ward 2 (Rendmaw trigger). Name 'Scarecrow' as it enters and Rendmaw's ability fires an extra time — DOUBLE Birds on every multi-type play. Off-commander, name another type (Insect/Zombie/Snake) to double a different creature's trigger. Replaces Carrion Feeder.
A89: 1 | B89: Token Makers | C89: Bitterblossom | D89: Enchantment | E89: 2 | F89: Yes | G89: Yes | H89: 18 | I89: Proxy | J89: Kindred Enchantment — triggers Rendmaw on cast. Makes a 1/1 flying black Faerie every upkeep (lose 1 life): a relentless stream of evasive tokens and fodder. Replaces Yahenni.
A90: 1 | B90: Aristocrats & Drain | C90: The Meathook Massacre | D90: Enchantment | E90: 2 | G90: Yes | H90: 15 | I90: Proxy | J90: Legendary Enchantment (X spell). Cast for {X}{B}{B} to give all creatures -X/-X — a scalable wipe you tune to spare your own bigger threats. Then it stays as a drain engine: opponents lose life when your creatures die, you gain life when theirs do. Recur from the graveyard for {2}{B}. Replaces Butcher of Malakir.
A91: 1 | B91: Lands | C91: Tree of Tales | D91: Land | E91: 0 | F91: Yes | G91: No | H91: 3 | I91: Proxy | J91: Artifact Land (taps green): a Rendmaw trigger built right into the mana base.
A92: 1 | B92: Lands | C92: Hagra Mauling | D92: Land | E92: 0 | G92: No | H92: 1 | I92: Need | J92: Modal land — a removal spell (destroy a creature) or a tapped land when you need the drop.
